Titolo	Link
Back Squat Mobility Activation Routine By Jayson Hopper	https://www.youtube.com/watch?v=7GA_-nDOKzA
CrossFit Games 2026 Highlights	https://www.youtube.com/watch?v=as-1tocewIs
Bouldering Mobility Activation Routine By Toby Roberts	https://www.youtube.com/watch?v=pY_r4AOhrXM
Running Activation Mobility Routine By Marjolaine Pierre	https://www.youtube.com/watch?v=Dc-N-TEn6tk
Triathlon Mobility Activation Routine By Kristian Blummenfelt	https://www.youtube.com/watch?v=_aCkBfV2HYA
Snatch Mobility Activation Routine By Jeffrey Adler	https://www.youtube.com/watch?v=ijGxPwVOzP0
Wall Ball Activation Mobility Routine By Alan Cao	https://www.youtube.com/watch?v=yR319j61xPc
Cycling Aero Position Mobility Routine By Sam Laidlow	https://www.youtube.com/watch?v=tpU8M9dTFXI
Sandbag Lunges Activation Mobility Routine By Charlie Botterill	https://www.youtube.com/watch?v=3KhkOpovpcQ
Overhead Squat Mobility Activation Routine By Justin Medeiros	https://www.youtube.com/watch?v=gQdORpZ6tTc
Squat Clean Mobility Activation Routine By Dallin Pepper	https://www.youtube.com/watch?v=8Eh-HzoFNSY
Bench Press Mobility Activation Routine By Willy Georges	https://www.youtube.com/watch?v=GVPxvRmJN6g
Front Squat Mobility Activation Routine By Jay Crouch	https://www.youtube.com/watch?v=33q5qNZyw6A
Deadlift Activation Mobility Routine By Brooke Wells	https://www.youtube.com/watch?v=3KXrmg_xvj0
Handstand Walk Activation Mobility Routine By Alexis Raptis	https://www.youtube.com/watch?v=rBucbwWAc5Q
Toes-to-bar Activation Mobility Routine By Aimee Cringle	https://www.youtube.com/watch?v=-TJtx1s7qq4
Active V Sit Mobility Exercise	https://www.youtube.com/watch?v=KfCYr4IaKvM
Active Prayer Lat Stretch	https://www.youtube.com/watch?v=6RuHrpxrzlY
Reverse Scorpion Mobility Exercise	https://www.youtube.com/watch?v=hFGfr4CV-qs
Active Finger Stretch	https://www.youtube.com/watch?v=FRkG4mY-P2U
Alternating Dynamic Hamstring Stretch	https://www.youtube.com/watch?v=RD0M6RtKsVw
PNF Shoulder Internal Rotation Mobility Exercise	https://www.youtube.com/watch?v=o_zHULzdHEk
The Ballerina Mobility Exercise	https://www.youtube.com/watch?v=wQrI-KPWreI
Press In Snatch Mobility Exercise	https://www.youtube.com/watch?v=dx5Q07DIcHs
Wall Squat With Pipe Mobility Exercise	https://www.youtube.com/watch?v=v-zx2KU3tAg
T Extensions Mobility Exercise	https://www.youtube.com/watch?v=LhXnteEjnbw
Shoulder Distraction Mobility Exercise	https://www.youtube.com/watch?v=sDo4EIMdWQw
Glute Activation Mobility Stretch	https://www.youtube.com/watch?v=0wP-ACtaZmE
Active Lat Stretch	https://www.youtube.com/watch?v=44XRvMezRk0
Full T Hip Opener Mobility Exercise	https://www.youtube.com/watch?v=SfvDxgGU1h8
Overhead Squat With Band Mobility Exercise	https://www.youtube.com/watch?v=erBGilLxJgU
Hip Rotations Mobility Exercise	https://www.youtube.com/watch?v=OPGkLUq65ag
Shoulder Flexion With Band Mobility Exercise	https://www.youtube.com/watch?v=O76Bubh-84s
Standing Side Bend Mobility Exercise	https://www.youtube.com/watch?v=roiYvX0d3rM
Alternating Samson Stretch	https://www.youtube.com/watch?v=H8P5yvL7q34
Alternating Calf Activation Mobility Exercise	https://www.youtube.com/watch?v=paqfvHciOTs
Standing Hip Rotations Mobility Exercise	https://www.youtube.com/watch?v=54ULatsBctM
Pec Smash Mobility Exercise	https://www.youtube.com/watch?v=49EQ5UQJ4yM
Walking Good Morning Mobility Exercise	https://www.youtube.com/watch?v=As45r7AEGs8
Lat Roll Mobility Exercise	https://www.youtube.com/watch?v=dxH7xejXRoU
Full Side Stretch	https://www.youtube.com/watch?v=zAGtYfclEdo
The Hip Axle Mobility Exercise	https://www.youtube.com/watch?v=ewrqdxJ0BF4
Active Pec Stretch	https://www.youtube.com/watch?v=t52pYQzTfo0
Forward Lunge Mobility Exercise	https://www.youtube.com/watch?v=V7tnmLBjyr0
Inchworm Mobility Exercise	https://www.youtube.com/watch?v=TAWjEAbopKs
Air Squat Mobility Exercise	https://www.youtube.com/watch?v=WreOaDFCENI
Bottom Squat Full Rotation Mobility Exercise	https://www.youtube.com/watch?v=xG8fAGw8w3Y
0 to 90 Mobility Exercise	https://www.youtube.com/watch?v=x4B4eGzo4ME
Banded Pigeon Mobility Exercise	https://www.youtube.com/watch?v=JL-A2U7bhhM
Banded T Hip Opener Mobility Stretch	https://www.youtube.com/watch?v=sijXPxpFjhw
Banded Hip Opener Mobility Stretch	https://www.youtube.com/watch?v=J3IakR0sO90
Front Rack Fixer Mobility Exercise	https://www.youtube.com/watch?v=bNqGuS23e4Y
PNF Shoulder External Rotation Mobility Exercise	https://www.youtube.com/watch?v=gYNO3OYWkpE
Banded Deadlift Mobility Exercise	https://www.youtube.com/watch?v=6mtrtn7Z3Bo
Hamstrings Activation Mobility Stretch	https://www.youtube.com/watch?v=-OCqZevoVPM
Specific Lower Back Roll Mobility Stretch	https://www.youtube.com/watch?v=rtQL5rF1fyU
Alternating Blackburn Mobility Stretch	https://www.youtube.com/watch?v=OwOZrJ_ec7w
Tricep Smash Mobility Exercise	https://www.youtube.com/watch?v=HwNjGqA54Cs
Banded Lat Stretch	https://www.youtube.com/watch?v=D9uqH3aL09w
Back Roll In Overhead Position Mobility Exercise	https://www.youtube.com/watch?v=pJ-vGyiymvw
Roll Over To V Sit Mobility Exercise	https://www.youtube.com/watch?v=9WbuJeeHdF4
Plank Toe Taps Mobility Exercise	https://www.youtube.com/watch?v=8C_v-rz4t_k
Banded Overhead Fixer Mobility Exercise	https://www.youtube.com/watch?v=b4nYWKQ_9ns
V Stretch Rotation Mobility Exercise	https://www.youtube.com/watch?v=EqhQaukwRaM
The Best Stretches For Tennis Elbow	https://www.youtube.com/watch?v=nfySXNp-KdQ
Crossed Side to Side Mobility Exercise	https://www.youtube.com/watch?v=EKhwBoKMm-c
Shoulder Flaps Mobility Exercise	https://www.youtube.com/watch?v=tkxzXE70xMk
Calf Roll Mobility Exercise	https://www.youtube.com/watch?v=Zr4nzhFQKtA
Standing Knight to Hamstring Stretch	https://www.youtube.com/watch?v=d50TF_8Wvv4
Glute Roll Mobility Exercise	https://www.youtube.com/watch?v=vB2SCMJPXp8
Seated Piriformis Stretch Mobility Exercise	https://www.youtube.com/watch?v=6sx9hFoP1lg
Bottom Squat Transfer Mobility Exercise	https://www.youtube.com/watch?v=wDs--jm2jho
Shoulders Global Mobility Exercise	https://www.youtube.com/watch?v=hOLQd1-9OwQ
The Bird Mobility Exercise	https://www.youtube.com/watch?v=a7MZNpTiqxw
90 to 90 Mobility Exercise	https://www.youtube.com/watch?v=_I6vFSlcyPY
Wall Assisted Achilles Stretch Mobility Exercise	https://www.youtube.com/watch?v=D9QiY_FejM0
Overhead Activation Mobility Exercise	https://www.youtube.com/watch?v=RSJfJ793m0I
Hyperice Extensor Forearm Mobility Exercise	https://www.youtube.com/watch?v=NoGTT3YyJPo
Band Pass Mobility Exercise	https://www.youtube.com/watch?v=rkb_lOtTx-U
V Sit Mobility Exercise	https://www.youtube.com/watch?v=W2k8DMxK7zI
Standing V Stretch Mobility Stretch	https://www.youtube.com/watch?v=siK37i0QDvA
Bent Over Locked Rotation Mobility Exercise	https://www.youtube.com/watch?v=4lNJ9Mqeagw
Banded Rotations Mobility Exercise	https://www.youtube.com/watch?v=VRmDGjgJtww
Alternating Eccentric Calf Activation Mobility Exercise	https://www.youtube.com/watch?v=2DlMhr-gY60
The Knight Stretch Mobility Exercise	https://www.youtube.com/watch?v=hscXjknpoCs
Forearms Active Stretch Mobility Exercise	https://www.youtube.com/watch?v=XzOD_y7uVEU
Calf Stretch On Wall Mobility Exercise	https://www.youtube.com/watch?v=5C24Pv4ahVg
Cat &amp; Cow Mobility Exercise	https://www.youtube.com/watch?v=_tXe5N6-MgM
The Breakdancer Mobility Exercise	https://www.youtube.com/watch?v=_P3jJbi0dog
Rainbow Stretch Mobility Exercise	https://www.youtube.com/watch?v=k_JxmsQQNpQ
Side to Side Stretch Mobility Exercise	https://www.youtube.com/watch?v=Db5kmJhIjxk
Alternating Shoulder Flexion Mobility Exercise	https://www.youtube.com/watch?v=YLypUVjZEj0
Wall Assisted Active Arm Stretch Mobility Exercise	https://www.youtube.com/watch?v=eaetG6NgJFM
Active V Stretch Mobility Exercise	https://www.youtube.com/watch?v=qc_3fYjgWGo
Cobra to Prayer Mobility Exercise	https://www.youtube.com/watch?v=m4f8oAE41V8
Alternating High Shin Pull Mobility Exercise	https://www.youtube.com/watch?v=_eQNsI91ACE
Quad Roll Mobility Exercise	https://www.youtube.com/watch?v=jLx4kGk9x_M
The Knight to Hamstring Stretch Mobility Exercise	https://www.youtube.com/watch?v=lpBEzFQlpYo
Active Deep Squat Mobility Exercise	https://www.youtube.com/watch?v=_kTB1ilKMuA
Kang Squat Mobility Exercise	https://www.youtube.com/watch?v=rn05vS47b6k
T-Hip Opener Mobility Exercise	https://www.youtube.com/watch?v=CKj_0TdVcsQ
Calf Stretch in Downward Dog Mobility Exercise	https://www.youtube.com/watch?v=pA7xyM3S7LI
Squat to Stand Mobility Exercise	https://www.youtube.com/watch?v=bpdav7vOpDw
Forearms Circle Stretch Mobility Exercise	https://www.youtube.com/watch?v=rEgFGhiuPyc
Manual Extensor Forearm Stretch Mobility Exercise	https://www.youtube.com/watch?v=wRYhy9lBL0o
Wall Forearm Roll Mobility Exercise	https://www.youtube.com/watch?v=3ssuVYbEwM8
Manual Triceps Stretch Mobility Exercise	https://www.youtube.com/watch?v=mveTEZvyxIY
Double External Shoulder Band Rotations Mobility Exercise	https://www.youtube.com/watch?v=UYHCSXax8Qc
Good Morning with Band Mobility Exercise	https://www.youtube.com/watch?v=UOTmcyLAfA0
The Prayer Stretch Mobility Exercise	https://www.youtube.com/watch?v=7sCNw5OK3mw
Quad Stretch Mobility Exercise	https://www.youtube.com/watch?v=3bWWW81IbPI
Bottom Squat Mobility Exercise	https://www.youtube.com/watch?v=wwMlpHh3qVw
Ankle Mobilization Mobility Exercise	https://www.youtube.com/watch?v=lwSExRmYENQ
Pigeon Mobility Exercise	https://www.youtube.com/watch?v=m3Z4KLBfKFo
Alternating Ankle Rolls Mobility Exercise	https://www.youtube.com/watch?v=zHqfCkjDyXA
Hamstring Stretch Mobility Exercise	https://www.youtube.com/watch?v=x-e3GGj4O0M
Active Quad Stretch Mobility Exercise	https://www.youtube.com/watch?v=7X5BPoaGY38
Active Hinge Mobility Exercise	https://www.youtube.com/watch?v=lxFJEdmh8tQ
Scap Mobilization Mobility Exercise	https://www.youtube.com/watch?v=Vd5O44_lrgE
Medium Pec Stretch Mobility Exercise	https://www.youtube.com/watch?v=5TaP5pQSNjI
Blackburn Mobility Exercise	https://www.youtube.com/watch?v=lwX-ko0-wFg
Kneeling Hamstring Stretch Mobility Exercise	https://www.youtube.com/watch?v=yKj1k5SmfE4
Hip Opener Mobility Exercise	https://www.youtube.com/watch?v=YP411fLqsrQ
Hamstring Roll Mobility Exercise	https://www.youtube.com/watch?v=jDIytIZhuxE
Good Morning Mobility Exercise	https://www.youtube.com/watch?v=IFAIJFLMp-M
Adductor Roll Mobility Exercise	https://www.youtube.com/watch?v=jT1lvBxzkTw
Bicep Smash Mobility Exercise	https://www.youtube.com/watch?v=EPGNN1Ke-70
Reverse Forearm Smash Mobility Exercise	https://www.youtube.com/watch?v=gvyx-k9ShN0
Manual Forearm Stretch Mobility Exercise	https://www.youtube.com/watch?v=wSFpeGkF3fs
Reverse Table Mobility Exercise	https://www.youtube.com/watch?v=WnKDbqtXR4s
The Frog Mobility Exercise	https://www.youtube.com/watch?v=VBMhdjfG-7M
Mobility Routine For Lower Back Wellness	https://www.youtube.com/watch?v=SrdE8K5Ylw4
Mobility Routine To Improve Rotational Range Of Motion	https://www.youtube.com/watch?v=TPbF9GPtVLE
Mobility Routine To Recover After Travel	https://www.youtube.com/watch?v=D-Q_-Bk1K_0
Morning Mobility Routine To Start Your Day	https://www.youtube.com/watch?v=_ZIoy67NZsM
Mobility Routine For Desk Workers	https://www.youtube.com/watch?v=auqWxSBbdDU
Mobility Routine To Help You Sleep	https://www.youtube.com/watch?v=josXgb-jUfo
Active Samson Stretch Mobility Exercise	https://www.youtube.com/watch?v=e40H2lwxRD8
Downward Facing Dog To Cobra Mobility Exercise	https://www.youtube.com/watch?v=9Y8bRpzNc40
Half Lotus On Wall Mobility Exercise	https://www.youtube.com/watch?v=5_cOwOuSsxI
Alternating Frog Rotation Mobility Exercise	https://www.youtube.com/watch?v=iJ8_yq9lmjM
Thread The Needle Mobility Exercise	https://www.youtube.com/watch?v=PJRGjHPo0tI
Pec Stretch On The Ground Mobility Exercise	https://www.youtube.com/watch?v=sHb_7bk6N40
Supine Twist Mobility Exercise	https://www.youtube.com/watch?v=U-1HgIUZm6w
Half Spinal Twist Mobility Exercise	https://www.youtube.com/watch?v=ncVqs-An014
Standing Forward Bend Mobility Exercise	https://www.youtube.com/watch?v=xHazy-ZcsKE
Prayer Lat Stretch Mobility Exercise	https://www.youtube.com/watch?v=NgCMAnKFm8U
The Sagittarius Mobility Exercise	https://www.youtube.com/watch?v=aHJKNKNAt48
Trap Stretch Mobility Exercise	https://www.youtube.com/watch?v=Rv0IddxviE0
Alternating Sagittarius Mobility Exercise	https://www.youtube.com/watch?v=n85Zr_quA14
6 Stretches To Activate Your Body On HYROX Race Day	https://www.youtube.com/watch?v=PAPbCV4LpZ8
5 Stretches Every Trail Runner Should Know	https://www.youtube.com/watch?v=9eutVx--Iqs
Cossack Squat Mobility Exercise	https://www.youtube.com/watch?v=xXwdKm5uLAM
Lunge Twist Mobility Exercise	https://www.youtube.com/watch?v=z90_c4D8ILU
Air Squat Front Rack Mobility Exercise	https://www.youtube.com/watch?v=eREOtn0GaG8
Active Frog Mobility exercise	https://www.youtube.com/watch?v=1t_LbiqHLEg
Pistol Activation Mobility Exercise	https://www.youtube.com/watch?v=WAAkmOXRWBc
Single Leg Balance Mobility Exercise	https://www.youtube.com/watch?v=ItXEH7wOPKI
The 5 Best Thigh Stretches For Mobility &amp; Performance	https://www.youtube.com/watch?v=94CHBdObtvM
Stretches For If You Can&#8217;t Straighten Your Arm After Exercise	https://www.youtube.com/watch?v=WFy4Yj169rk
5 Stretches If You Struggle With Tight Hamstrings	https://www.youtube.com/watch?v=tNKN1T9tSo8
Legs So Sore From Squats You Can&#8217;t Walk? Try These Stretches	https://www.youtube.com/watch?v=HCVLYQ0zxbs
Stiff Ankles In The Morning? Try These Stretches	https://www.youtube.com/watch?v=JdpYB2QeX6k
7 Stretches To Help With Tight Hips &amp; Better Mobility	https://www.youtube.com/watch?v=zY8IFAKoIoI
Our 7 Best Shoulder Mobility Exercises	https://www.youtube.com/watch?v=ngCS2Pt_468
The 5 Best Stretches To Help With Tight Legs	https://www.youtube.com/watch?v=lVyVd6FFG-M
5 Beginner Stretches To Start Doing Daily	https://www.youtube.com/watch?v=bKGbaUiIOes
5 Stretches To Start Doing Every Morning	https://www.youtube.com/watch?v=5M0VuDtS-Vw
Top 4 Golf Stretches Using Exercise Bands	https://www.youtube.com/watch?v=WZ3dcNjmKkk
Daily Golf Stretches To Improve Mobility And Swing	https://www.youtube.com/watch?v=RPkm4tAvtqA
The 5 Daily Stretches Every Swimmer Should Do	https://www.youtube.com/watch?v=iYt8ogUDn1w
The Best 4 Stretches To Help Release Tight Calves	https://www.youtube.com/watch?v=3eHwhX30BB4
The Best Ironman Recovery Stretches	https://www.youtube.com/watch?v=SZ6VV-RcHQw
The Best Post Run Stretches	https://www.youtube.com/watch?v=a1A2C5HwP_g
Top 5 Stretches To Do Before You Go Running	https://www.youtube.com/watch?v=BRyYSeiiMU4
The 5 Best Arm Stretches For Climbers	https://www.youtube.com/watch?v=XYMB9g_8m9A
The 5 Best Stretches For Golfer's Elbow	https://www.youtube.com/watch?v=-kjPdcMnnTo
The 5 Leg Stretches Every Cyclist Should Know	https://www.youtube.com/watch?v=Q_b7tGNEfuM
The 5 Best Pre-Triathlon Stretches To Set You Up For Success	https://www.youtube.com/watch?v=kMN40UKKrT0
The 5 Best Leg Day Warm-Up Stretches For Bodybuilders	https://www.youtube.com/watch?v=1BN7EH4fyGs
The 5 Best Lower Back Stretches For Better Mobility	https://www.youtube.com/watch?v=22FZI075xlM
The 5 Best Stretches To Recover After A HYROX Race	https://www.youtube.com/watch?v=HjCDpYBGqIs
Playing Golf? Try These Warm-Up Stretches First | Top 4 Warm Up Stretches for Golfers	https://www.youtube.com/watch?v=9yGDlojxLk4
Our Go-To Leg Stretches For Running | Top 5 Stretches For Runners	https://www.youtube.com/watch?v=1wCv9r6mZVY
GOWOD - Move Like New.	https://www.youtube.com/watch?v=-i_XHR6qxY4
Get Ready - GOWOD 2024	https://www.youtube.com/watch?v=k3FuWpvbX70
GOWOD Holiday feat. Justin "Santa" MEDEIROS	https://www.youtube.com/watch?v=NFu0aNnJPYY
GOWOD x The Progrm	https://www.youtube.com/watch?v=g7EnVvzBp0w
2022 NOBULL CrossFit&#174; Games highlights by GOWOD	https://www.youtube.com/watch?v=Eds955NzJXw
Welcome to the 2023 GOWOD Community Week!	https://www.youtube.com/watch?v=hmW761tDkfo
Behind the bright lights - Ep10 - Jeffrey ADLER	https://www.youtube.com/watch?v=diUIHukXbTY
Behind the bright lights - Ep9 - Willy Georges	https://www.youtube.com/watch?v=z8RBmDN5EL4
Behind the bright lights - Ep8 - Amanda BARNHART	https://www.youtube.com/watch?v=xMu3FtigoIA
Behind the bright lights - Ep7 - Jayson HOPPER	https://www.youtube.com/watch?v=5wIoqeuike8
Behind the bright lights - Ep6 - Jamie SIMMONDS	https://www.youtube.com/watch?v=hYq9-71IXv0
Behind the bright lights - Ep5 - Katrin DAVIDSDOTTIR	https://www.youtube.com/watch?v=PYgQCc9Bm8k
Behind the bright lights - Ep4 - Gabriela MIGA&#321;A	https://www.youtube.com/watch?v=j3UfPPclCOQ
From Gym to Madison : The 2022 NOBULL CrossFit Games	https://www.youtube.com/watch?v=_EzLgVlDCj8
Behind the bright lights - Ep3 - Brooke WELLS	https://www.youtube.com/watch?v=ZRhjB3PGCT4
Behind the bright lights - Ep2 - Mat FRASER	https://www.youtube.com/watch?v=HYgEOQ_D1YE
Behind the bright lights - Ep1 - Justin MEDEIROS	https://www.youtube.com/watch?v=_ot0zzwIm8E
Be better tomorrow - GOWOD 2022	https://www.youtube.com/watch?v=01-QxkAw8a4
2020 Strength in Depth Highlights	https://www.youtube.com/watch?v=4PUhv5gbsbI
Mat Fraser, Champion of the 2020 Strength in Depth.	https://www.youtube.com/watch?v=oudaT5mxdmc
Mia Hesketh snatches 220lbs at the 2019 DCC	https://www.youtube.com/watch?v=Bexz3R7iCX4
Highlights from the 2019 Dubai CrossFit&#174; Championship	https://www.youtube.com/watch?v=wNGq_tBCHe8
Mat Fraser - GOWOD	https://www.youtube.com/watch?v=YK1JtC6hgLU
In the Open with Willy Georges &amp; Streat Hoerner	https://www.youtube.com/watch?v=4U2Na4SO05M
GOWOD - Katrin Davidsdottir	https://www.youtube.com/watch?v=sicbT97KZwQ
GOWOD - Willy Georges	https://www.youtube.com/watch?v=S2Arq_U35vk
